id,firstName,lastName,salutationName,title,accountName,emailAddress,phoneNumber,phoneNumberMobile,industry,source,status,website,addressStreet,addressCity,addressState,addressPostalCode,addressCountry,assignedUserName,tags,description,createdAt
L-0001,Amina,Diallo,Ms.,Founder,Amina Beauty,amina@aminabeauty.fr,+33 1 23 45 67 01,+33 6 11 22 33 44,Cosmetics,Web,New,https://aminabeauty.fr,12 Rue Lafayette,Paris,Île-de-France,75009,France,malala,"#prospect,#ecommerce",Découverte via recherche Google,2025-11-09 11:52:22
L-0002,Karim,Benali,Mr.,Owner,Argan Marrakech,contact@arganmarrakech.com,+33 1 23 45 67 02,+33 6 22 33 44 55,Beauty Oils,Referral,Working,https://arganmarrakech.com,8 Rue de la Paix,Paris,Île-de-France,75002,France,malala,"#huile,#artisan",Intéressé par offre CE,2025-11-09 11:52:22
L-0003,Nadia,Ouattara,Ms.,CMO,Glow & Co,nadia@glowco.be,+32 2 123 45 67,+32 495 22 33 44,Skincare,LinkedIn,New,https://glowco.be,21 Avenue Louise,Bruxelles,,1050,Belgique,malala,"#belgique,#skincare",Souhaite démo MAX,2025-11-09 11:52:22
L-0004,Yves,Ngoma,Mr.,Manager,AfroHair Shop,y.ngoma@afrohairshop.fr,+33 1 23 45 67 03,+33 6 33 44 55 66,Haircare,Web,New,https://afrohairshop.fr,5 Rue Victor Hugo,Lyon,Auvergne-Rhône-Alpes,69002,France,malala,"#perruques,#coiffure",Demande call découverte,2025-11-09 11:52:22
L-0005,Mireille,Kasongo,Mrs.,Owner,Boutique Miel,hello@boutiquemiel.ch,+41 22 123 45 67,+41 79 222 33 44,Natural Care,Instagram,New,https://boutiquemiel.ch,44 Rue du Rhône,Genève,,1204,Suisse,malala,"#suisse,#naturel",Intérêt pack standard,2025-11-09 11:52:22
L-0006,Souleymane,Traoré,Mr.,CEO,Noir&Fièr,contact@noiretfier.fr,+33 1 23 45 67 04,+33 6 44 55 66 77,Fashion/Beauty,Event,New,https://noiretfier.fr,10 Rue Oberkampf,Paris,Île-de-France,75011,France,malala,"#diaspora,#event",Collecté salon pro,2025-11-09 11:52:22
L-0007,Lina,Haddad,Ms.,Head of Marketing,Terraya Paris,lina@terraya-paris.com,+33 1 23 45 67 05,+33 6 55 66 77 88,Oils & Gifts,Referral,Working,https://terraya-paris.com,3 Passage des Panoramas,Paris,Île-de-France,75002,France,malala,"#terraya,#ce",Demande offre CE,2025-11-09 11:52:22
L-0008,Vero,Rakoto,Ms.,Coach,Coach Vero,contact@coach-vero.fr,+33 1 23 45 67 06,+33 6 66 77 88 99,Coaching,Web,New,https://coach-vero.fr,18 Rue du Faubourg,Saint-Denis,Île-de-France,93200,France,malala,"#coach,#services",Souhaite CRM simple,2025-11-09 11:52:22
L-0009,Moussa,Sow,Mr.,Owner,QMix Paris,hello@qmix-paris.com,+33 1 23 45 67 07,+33 6 77 88 99 00,Cosmetics,Instagram,New,https://qmix-paris.com,27 Rue Montmartre,Paris,Île-de-France,75002,France,malala,"#qmix,#cosmetics",Besoin visuels produits,2025-11-09 11:52:22
L-0010,Michèle,Care,Ms.,Directrice,Michèle Care,contact@michelecare.com,+33 1 23 45 67 08,+33 6 88 99 00 11,Skincare,Email,Working,https://michelecare.com,9 Avenue des Champs-Élysées,Paris,Île-de-France,75008,France,malala,"#michelecare,#shopify",Projet rebranding + IA,2025-11-09 11:52:22
