Prénom,Nom,Civilité,Titre,Entreprise,Email,Téléphone fixe,Téléphone mobile,Secteur,Statut,Site web,Adresse,Ville,Région,Code postal,Pays,Description
Amina,Diallo,Ms.,Founder,Amina Beauty,amina@aminabeauty.fr,+33 1 23 45 67 01,+33 6 11 22 33 44,Cosmetics,New,https://aminabeauty.fr,12 Rue Lafayette,Paris,Île-de-France,75009,France,
Karim,Benali,Mr.,Owner,Argan Marrakech,contact@arganmarrakech.com,+33 1 23 45 67 02,+33 6 22 33 44 55,Beauty Oils,Working,https://arganmarrakech.com,8 Rue de la Paix,Paris,Île-de-France,75002,France,
Nadia,Ouattara,Ms.,CMO,Glow & Co,nadia@glowco.be,+32 2 123 45 67,+32 495 22 33 44,Skincare,New,https://glowco.be,21 Avenue Louise,Bruxelles,,1050,Belgique,
Yves,Ngoma,Mr.,Manager,AfroHair Shop,y.ngoma@afrohairshop.fr,+33 1 23 45 67 03,+33 6 33 44 55 66,Haircare,New,https://afrohairshop.fr,5 Rue Victor Hugo,Lyon,Auvergne-Rhône-Alpes,69002,France,
Mireille,Kasongo,Mrs.,Owner,Boutique Miel,hello@boutiquemiel.ch,+41 22 123 45 67,+41 79 222 33 44,Natural Care,New,https://boutiquemiel.ch,44 Rue du Rhône,Genève,,1204,Suisse,
Souleymane,Traoré,Mr.,CEO,Noir&Fièr,contact@noiretfier.fr,+33 1 23 45 67 04,+33 6 44 55 66 77,Fashion/Beauty,New,https://noiretfier.fr,10 Rue Oberkampf,Paris,Île-de-France,75011,France,
Lina,Haddad,Ms.,Head of Marketing,Terraya Paris,lina@terraya-paris.com,+33 1 23 45 67 05,+33 6 55 66 77 88,Oils & Gifts,Working,https://terraya-paris.com,3 Passage des Panoramas,Paris,Île-de-France,75002,France,
Vero,Rakoto,Ms.,Coach,Coach Vero,contact@coach-vero.fr,+33 1 23 45 67 06,+33 6 66 77 88 99,Coaching,New,https://coach-vero.fr,18 Rue du Faubourg,Saint-Denis,Île-de-France,93200,France,
Moussa,Sow,Mr.,Owner,QMix Paris,hello@qmix-paris.com,+33 1 23 45 67 07,+33 6 77 88 99 00,Cosmetics,New,https://qmix-paris.com,27 Rue Montmartre,Paris,Île-de-France,75002,France,
Michèle,Care,Ms.,Directrice,Michèle Care,contact@michelecare.com,+33 1 23 45 67 08,+33 6 88 99 00 11,Skincare,Working,https://michelecare.com,9 Avenue des Champs-Élysées,Paris,Île-de-France,75008,France,
