{
  "timestamp": "2025-11-28T10:43:58.642Z",
  "metadata": {
    "fields": [
      "source",
      "tagsIA",
      "notesIA",
      "objectifsClient",
      "servicesSouhaites",
      "secteurInfere",
      "typeClient",
      "niveauMaturite",
      "canalPrefere",
      "prochaineAction",
      "prochaineRelance",
      "statutNurturing",
      "scoreIA",
      "secteurActivite",
      "maxTags"
    ],
    "customFields": [
      "source",
      "tagsIA",
      "notesIA",
      "objectifsClient",
      "servicesSouhaites",
      "secteurInfere",
      "typeClient",
      "niveauMaturite",
      "canalPrefere",
      "prochaineAction",
      "prochaineRelance",
      "statutNurturing",
      "scoreIA",
      "secteurActivite",
      "maxTags"
    ],
    "hash": -347827454
  },
  "layouts": {
    "detail": [
      "salutationName",
      "firstName",
      "lastName",
      "status",
      "source",
      "title",
      "website",
      "emailAddress",
      "phoneNumber",
      "accountName",
      "doNotCall",
      "industry",
      "opportunityAmount",
      "addressStreet",
      "addressCity",
      "addressState",
      "addressPostalCode",
      "addressCountry",
      "maxTags",
      "description",
      "objectifsBusiness",
      "servicesSouhaites",
      "prochainesEtapes",
      "secteurActivite",
      "categorie",
      "sessionConsultationProgrammee",
      "offreGroupeeProposee",
      "suiviMensuelEtabli",
      "actionsProgrammes",
      "notesSupplementaires",
      "emailEnvoyer",
      "statutNurturing",
      "budget",
      "localisation",
      "tagsIA",
      "secteurInfere",
      "scoreIA",
      "servicesSouhaites",
      "notesIA",
      "assignedUser",
      "teams",
      "createdAt",
      "modifiedAt",
      "createdBy",
      "modifiedBy"
    ],
    "list": [
      "name",
      "status",
      "emailAddress",
      "phoneNumber",
      "accountName",
      "assignedUser",
      "createdAt",
      "objectifsBusiness",
      "servicesSouhaites",
      "prochainesEtapes",
      "secteurActivite",
      "categorie",
      "sessionConsultationProgrammee",
      "offreGroupeeProposee",
      "suiviMensuelEtabli",
      "actionsProgrammes",
      "notesSupplementaires",
      "emailEnvoyer",
      "statutNurturing",
      "budget",
      "maxTags",
      "localisation",
      "tagsIA",
      "secteurInfere",
      "scoreIA"
    ]
  }
}