{
  "totalLeads": 4,
  "hotLeads": [
    {
      "id": "690fa5ac7adb7e1e7",
      "name": "Ali Hassan",
      "company": "Logistic Pro SARL",
      "score": 95,
      "priority": "HAUTE",
      "suggestedTags": [
        "express-24h",
        "priority-haute",
        "devis-en-attente"
      ],
      "suggestedActions": [
        "Réponse dans les 2h",
        "Générer devis automatique"
      ]
    },
    {
      "id": "690fa5ad481a30a3b",
      "name": "Sophie Marceau",
      "company": "Trans-Europe",
      "score": 70,
      "priority": "MOYENNE",
      "suggestedTags": [
        "client-récurrent",
        "transport-international"
      ],
      "suggestedActions": [
        "Proposer tarif préférentiel"
      ]
    },
    {
      "id": "690fa5adcb724e7c2",
      "name": "Mohamed Ben Salah",
      "company": "Express Delivery",
      "score": 75,
      "priority": "MOYENNE",
      "suggestedTags": [
        "express-24h",
        "priority-haute"
      ],
      "suggestedActions": [
        "Réponse dans les 2h"
      ]
    }
  ],
  "strategies": [
    {
      "title": "Relancer 4 devis en attente",
      "description": "Workflow automatique de relance J+2 pour les devis non confirmés",
      "priority": "HAUTE",
      "impact": "Taux de conversion +15%"
    },
    {
      "title": "Programme fidélité clients récurrents",
      "description": "Offre spéciale pour clients avec 3+ envois par mois",
      "priority": "MOYENNE",
      "impact": "Rétention +25%"
    },
    {
      "title": "Fast-track Express 24h",
      "description": "Ligne directe et traitement prioritaire pour demandes urgentes",
      "priority": "HAUTE",
      "impact": "Satisfaction client +30%"
    }
  ],
  "tags": []
}