[
  {
    "date": "2025-08-16T13:22:00",
    "action": "Création du dossier clients_diaspora",
    "type": "CRM",
    "details": {
      "entité": "client",
      "champ": "tag",
      "valeur": "diaspora"
    }
  },
  {
    "date": "2025-08-16T13:30:00",
    "action": "Ajout du tag VIP",
    "type": "CRM",
    "details": {
      "entité": "contact",
      "champ": "tag",
      "valeur": "VIP"
    }
  },
  {
    "date": "2025-09-02T13:56:47.347Z",
    "action": "Validation tâche MAX",
    "type": "Task",
    "filename": "campaign_rentree_1756818191311.json",
    "result": "OK"
  },
  {
    "date": "2025-09-02T15:17:56.553Z",
    "action": "Validation tâche MAX",
    "type": "Task",
    "filename": "campaign_rentree_1756826267158.json",
    "result": "OK"
  },
  {
    "date": "2025-09-02T15:24:46.326Z",
    "action": "Validation tâche MAX",
    "type": "Task",
    "filename": "campaign_rentree_1756826267158.json",
    "result": "OK"
  },
  {
    "date": "2025-11-02T13:32:39.814Z",
    "action": "Validation tâche MAX",
    "type": "Task",
    "filename": "task-1762089977744.json",
    "result": "OK"
  }
]