[
  {
    "id": "max_1731094800000_abc123",
    "timestamp": "2025-11-08T20:00:00.000Z",
    "type": "field_created",
    "title": "Champ typeMarchandise créé",
    "description": "M.A.X. a créé le champ custom \"Type de marchandise\" (enum) pour l'entité Lead",
    "metadata": {
      "fieldName": "typeMarchandise",
      "fieldType": "enum",
      "entity": "Lead",
      "brainType": "logistique"
    },
    "priority": "high",
    "success": true,
    "error": null,
    "agent": "M.A.X."
  },
  {
    "id": "max_1731094805000_def456",
    "timestamp": "2025-11-08T20:00:05.000Z",
    "type": "tag_created",
    "title": "Système de tags créé",
    "description": "M.A.X. a créé le champ multiEnum \"maxTags\" avec 6 options pour le tagging intelligent des leads",
    "metadata": {
      "tagOptions": ["client-récurrent", "devis-en-attente", "priority-haute", "transport-international", "volume-important", "express-24h"],
      "count": 6
    },
    "priority": "high",
    "success": true,
    "error": null,
    "agent": "M.A.X."
  },
  {
    "id": "max_1731094810000_ghi789",
    "timestamp": "2025-11-08T20:00:10.000Z",
    "type": "lead_imported",
    "title": "Lead Ali Hassan importé",
    "description": "M.A.X. a importé le lead Ali Hassan de Logistic Pro SARL",
    "metadata": {
      "leadName": "Ali Hassan",
      "company": "Logistic Pro SARL",
      "status": "New"
    },
    "priority": "medium",
    "success": true,
    "error": null,
    "agent": "M.A.X."
  },
  {
    "id": "max_1731094815000_jkl012",
    "timestamp": "2025-11-08T20:00:15.000Z",
    "type": "lead_tagged",
    "title": "Tags appliqués à Ali Hassan",
    "description": "M.A.X. a détecté et appliqué automatiquement 3 tags au lead",
    "metadata": {
      "leadName": "Ali Hassan",
      "tags": ["express-24h", "priority-haute", "devis-en-attente"],
      "tagsCount": 3
    },
    "priority": "low",
    "success": true,
    "error": null,
    "agent": "M.A.X."
  },
  {
    "id": "max_1731094820000_mno345",
    "timestamp": "2025-11-08T20:00:20.000Z",
    "type": "lead_analyzed",
    "title": "Analyse de 4 leads terminée",
    "description": "M.A.X. a analysé 4 leads, identifié 3 leads prioritaires et généré 3 stratégies marketing",
    "metadata": {
      "totalLeads": 4,
      "hotLeads": 3,
      "strategiesCount": 3
    },
    "priority": "high",
    "success": true,
    "error": null,
    "agent": "M.A.X."
  },
  {
    "id": "max_1731094825000_pqr678",
    "timestamp": "2025-11-08T20:00:25.000Z",
    "type": "strategy_generated",
    "title": "Relancer 4 devis en attente",
    "description": "M.A.X. suggère: Workflow automatique de relance J+2 pour les devis non confirmés",
    "metadata": {
      "priority": "HAUTE",
      "impact": "Taux de conversion +15%"
    },
    "priority": "high",
    "success": true,
    "error": null,
    "agent": "M.A.X."
  },
  {
    "id": "max_1731094830000_stu901",
    "timestamp": "2025-11-08T20:00:30.000Z",
    "type": "brain_detected",
    "title": "Cerveau \"logistique\" détecté",
    "description": "M.A.X. a détecté automatiquement le secteur d'activité \"logistique\" et va adapter la structure CRM en conséquence",
    "metadata": {
      "brainType": "logistique",
      "confidence": 0.95
    },
    "priority": "critical",
    "success": true,
    "error": null,
    "agent": "M.A.X."
  }
]
