[
  {
    "timestamp": "2025-09-05T20:25:47.868Z",
    "action": "Import + Analyse",
    "details": {
      "imported": 3,
      "totalLeads": 3,
      "sources": {},
      "tagsProposés": []
    },
    "actor": "M.A.X.",
    "entity": "Lead"
  },
  {
    "timestamp": "2025-09-06T10:32:43.932Z",
    "action": "Import + Analyse",
    "details": {
      "imported": 3,
      "totalLeads": 2,
      "sources": {
        "Instagram": 1,
        "GoogleAds": 1
      },
      "tagsProposés": [
        "doublon_potentiel",
        "prioritaire",
        "a_relancer_48h"
      ]
    },
    "actor": "M.A.X.",
    "entity": "Lead"
  },
  {
    "timestamp": "2025-09-06T11:02:47.329Z",
    "action": "Import + Analyse",
    "details": {
      "imported": 1,
      "totalLeads": 2,
      "sources": {
        "Instagram": 1,
        "GoogleAds": 1
      },
      "tagsProposés": [
        "doublon_potentiel",
        "prioritaire",
        "a_relancer_48h"
      ]
    },
    "actor": "M.A.X.",
    "entity": "Lead"
  },
  {
    "timestamp": "2025-09-06T11:07:18.197Z",
    "action": "Ajout Tag",
    "details": {
      "tag": "prioritaire",
      "count": 1,
      "leadIds": [
        "Lsgf1upsf84kt5k"
      ],
      "rule": "interestScore >= 3"
    },
    "actor": "M.A.X.",
    "entity": "Lead"
  },
  {
    "timestamp": "2025-09-06T11:07:18.198Z",
    "action": "Ajout Tag",
    "details": {
      "tag": "a_relancer_48h",
      "count": 2,
      "leadIds": [
        "Lsgf1upsf84kt5k",
        "Lrv53mxzj84kt5k"
      ],
      "rule": "lastContactAt > 48h & status=In Process"
    },
    "actor": "M.A.X.",
    "entity": "Lead"
  },
  {
    "timestamp": "2025-09-06T12:39:55.938Z",
    "action": "Import + Analyse",
    "details": {
      "imported": 5,
      "totalLeads": 6,
      "sources": {
        "Instagram": 2,
        "GoogleAds": 1,
        "Facebook": 1,
        "Referral": 1,
        "Website": 1
      },
      "tagsProposés": [
        "doublon_potentiel",
        "prioritaire",
        "a_relancer_48h"
      ]
    },
    "actor": "M.A.X.",
    "entity": "Lead"
  },
  {
    "timestamp": "2025-09-06T12:40:09.494Z",
    "action": "Import + Analyse",
    "details": {
      "imported": 5,
      "totalLeads": 6,
      "sources": {
        "Instagram": 2,
        "GoogleAds": 1,
        "Facebook": 1,
        "Referral": 1,
        "Website": 1
      },
      "tagsProposés": [
        "doublon_potentiel",
        "prioritaire",
        "a_relancer_48h"
      ]
    },
    "actor": "M.A.X.",
    "entity": "Lead"
  },
  {
    "timestamp": "2025-09-06T12:40:09.770Z",
    "action": "Import + Analyse",
    "details": {
      "imported": 5,
      "totalLeads": 6,
      "sources": {
        "Instagram": 2,
        "GoogleAds": 1,
        "Facebook": 1,
        "Referral": 1,
        "Website": 1
      },
      "tagsProposés": [
        "doublon_potentiel",
        "prioritaire",
        "a_relancer_48h"
      ]
    },
    "actor": "M.A.X.",
    "entity": "Lead"
  },
  {
    "timestamp": "2025-09-06T12:40:35.920Z",
    "action": "Import + Analyse",
    "details": {
      "imported": 5,
      "totalLeads": 6,
      "sources": {
        "Instagram": 2,
        "GoogleAds": 1,
        "Facebook": 1,
        "Referral": 1,
        "Website": 1
      },
      "tagsProposés": [
        "doublon_potentiel",
        "prioritaire",
        "a_relancer_48h"
      ]
    },
    "actor": "M.A.X.",
    "entity": "Lead"
  },
  {
    "timestamp": "2025-09-06T12:40:52.598Z",
    "action": "Import + Analyse",
    "details": {
      "imported": 5,
      "totalLeads": 6,
      "sources": {
        "Instagram": 2,
        "GoogleAds": 1,
        "Facebook": 1,
        "Referral": 1,
        "Website": 1
      },
      "tagsProposés": [
        "doublon_potentiel",
        "prioritaire",
        "a_relancer_48h"
      ]
    },
    "actor": "M.A.X.",
    "entity": "Lead"
  },
  {
    "timestamp": "2025-09-06T12:45:35.911Z",
    "action": "Import + Analyse",
    "details": {
      "imported": 0,
      "totalLeads": 6,
      "sources": {
        "Instagram": 2,
        "GoogleAds": 1,
        "Facebook": 1,
        "Referral": 1,
        "Website": 1
      },
      "tagsProposés": [
        "doublon_potentiel",
        "prioritaire",
        "a_relancer_48h"
      ]
    },
    "actor": "M.A.X.",
    "entity": "Lead"
  },
  {
    "timestamp": "2025-09-06T12:46:51.755Z",
    "action": "Import + Analyse",
    "details": {
      "imported": 0,
      "totalLeads": 6,
      "sources": {
        "Instagram": 2,
        "GoogleAds": 1,
        "Facebook": 1,
        "Referral": 1,
        "Website": 1
      },
      "tagsProposés": [
        "doublon_potentiel",
        "prioritaire",
        "a_relancer_48h"
      ]
    },
    "actor": "M.A.X.",
    "entity": "Lead"
  },
  {
    "timestamp": "2025-09-06T12:47:04.113Z",
    "action": "Import + Analyse",
    "details": {
      "imported": 0,
      "totalLeads": 6,
      "sources": {
        "Instagram": 2,
        "GoogleAds": 1,
        "Facebook": 1,
        "Referral": 1,
        "Website": 1
      },
      "tagsProposés": [
        "doublon_potentiel",
        "prioritaire",
        "a_relancer_48h"
      ]
    },
    "actor": "M.A.X.",
    "entity": "Lead"
  },
  {
    "timestamp": "2025-09-06T12:49:19.141Z",
    "action": "Import + Analyse",
    "details": {
      "imported": 0,
      "totalLeads": 6,
      "sources": {
        "Instagram": 2,
        "GoogleAds": 1,
        "Facebook": 1,
        "Referral": 1,
        "Website": 1
      },
      "tagsProposés": [
        "doublon_potentiel",
        "prioritaire",
        "a_relancer_48h"
      ]
    },
    "actor": "M.A.X.",
    "entity": "Lead"
  },
  {
    "timestamp": "2025-09-06T12:49:29.234Z",
    "action": "Import + Analyse",
    "details": {
      "imported": 0,
      "totalLeads": 6,
      "sources": {
        "Instagram": 2,
        "GoogleAds": 1,
        "Facebook": 1,
        "Referral": 1,
        "Website": 1
      },
      "tagsProposés": [
        "doublon_potentiel",
        "prioritaire",
        "a_relancer_48h"
      ]
    },
    "actor": "M.A.X.",
    "entity": "Lead"
  },
  {
    "timestamp": "2025-09-06T12:56:43.337Z",
    "action": "Import + Analyse",
    "details": {
      "imported": 0,
      "totalLeads": 6,
      "sources": {
        "Instagram": 2,
        "GoogleAds": 1,
        "Facebook": 1,
        "Referral": 1,
        "Website": 1
      },
      "tagsProposés": [
        "doublon_potentiel",
        "prioritaire",
        "a_relancer_48h"
      ]
    },
    "actor": "M.A.X.",
    "entity": "Lead"
  },
  {
    "timestamp": "2025-09-06T12:56:48.616Z",
    "action": "Import + Analyse",
    "details": {
      "imported": 0,
      "totalLeads": 6,
      "sources": {
        "Instagram": 2,
        "GoogleAds": 1,
        "Facebook": 1,
        "Referral": 1,
        "Website": 1
      },
      "tagsProposés": [
        "doublon_potentiel",
        "prioritaire",
        "a_relancer_48h"
      ]
    },
    "actor": "M.A.X.",
    "entity": "Lead"
  },
  {
    "timestamp": "2025-09-06T13:32:01.558Z",
    "action": "Ajout Tag",
    "details": {
      "tag": "prioritaire",
      "count": 1,
      "leadIds": [
        "Lsgf1upsf84kt5k"
      ],
      "rule": "interestScore >= 3"
    },
    "actor": "M.A.X.",
    "entity": "Lead"
  },
  {
    "timestamp": "2025-09-06T13:32:01.559Z",
    "action": "Ajout Tag",
    "details": {
      "tag": "a_relancer_48h",
      "count": 2,
      "leadIds": [
        "Lsgf1upsf84kt5k",
        "Lrv53mxzj84kt5k"
      ],
      "rule": "lastContactAt > 48h & status=In Process"
    },
    "actor": "M.A.X.",
    "entity": "Lead"
  },
  {
    "timestamp": "2025-09-07T13:46:14.668Z",
    "action": "Ajout Tag",
    "details": {
      "tag": "prioritaire",
      "count": 1,
      "leadIds": [
        "Lsgf1upsf84kt5k"
      ],
      "rule": "interestScore >= 3"
    },
    "actor": "M.A.X.",
    "entity": "Lead"
  },
  {
    "timestamp": "2025-09-07T13:46:14.670Z",
    "action": "Ajout Tag",
    "details": {
      "tag": "a_relancer_48h",
      "count": 2,
      "leadIds": [
        "Lsgf1upsf84kt5k",
        "Lrv53mxzj84kt5k"
      ],
      "rule": "lastContactAt > 48h & status=In Process"
    },
    "actor": "M.A.X.",
    "entity": "Lead"
  },
  {
    "timestamp": "2025-09-07T13:46:38.381Z",
    "action": "Ajout Tag",
    "details": {
      "tag": "prioritaire",
      "count": 1,
      "leadIds": [
        "Lsgf1upsf84kt5k"
      ],
      "rule": "interestScore >= 3"
    },
    "actor": "M.A.X.",
    "entity": "Lead"
  },
  {
    "timestamp": "2025-09-07T13:46:38.382Z",
    "action": "Ajout Tag",
    "details": {
      "tag": "a_relancer_48h",
      "count": 2,
      "leadIds": [
        "Lsgf1upsf84kt5k",
        "Lrv53mxzj84kt5k"
      ],
      "rule": "lastContactAt > 48h & status=In Process"
    },
    "actor": "M.A.X.",
    "entity": "Lead"
  },
  {
    "timestamp": "2025-09-07T16:56:58.640Z",
    "action": "Ajout Tag",
    "details": {
      "tag": "prioritaire",
      "count": 1,
      "leadIds": [
        "Lsgf1upsf84kt5k"
      ],
      "rule": "interestScore >= 3"
    },
    "actor": "M.A.X.",
    "entity": "Lead"
  },
  {
    "timestamp": "2025-09-07T16:56:59.178Z",
    "action": "Ajout Tag",
    "details": {
      "tag": "a_relancer_48h",
      "count": 2,
      "leadIds": [
        "Lsgf1upsf84kt5k",
        "Lrv53mxzj84kt5k"
      ],
      "rule": "lastContactAt > 48h & status=In Process"
    },
    "actor": "M.A.X.",
    "entity": "Lead"
  },
  {
    "timestamp": "2025-09-07T16:57:16.901Z",
    "action": "Ajout Tag",
    "details": {
      "tag": "prioritaire",
      "count": 1,
      "leadIds": [
        "Lsgf1upsf84kt5k"
      ],
      "rule": "interestScore >= 3"
    },
    "actor": "M.A.X.",
    "entity": "Lead"
  },
  {
    "timestamp": "2025-09-07T16:57:16.902Z",
    "action": "Ajout Tag",
    "details": {
      "tag": "a_relancer_48h",
      "count": 2,
      "leadIds": [
        "Lsgf1upsf84kt5k",
        "Lrv53mxzj84kt5k"
      ],
      "rule": "lastContactAt > 48h & status=In Process"
    },
    "actor": "M.A.X.",
    "entity": "Lead"
  },
  {
    "timestamp": "2025-09-07T17:06:09.117Z",
    "action": "Ajout Tag",
    "details": {
      "tag": "prioritaire",
      "count": 1,
      "leadIds": [
        "Lsgf1upsf84kt5k"
      ],
      "rule": "interestScore >= 3"
    },
    "actor": "M.A.X.",
    "entity": "Lead"
  },
  {
    "timestamp": "2025-09-07T17:06:09.118Z",
    "action": "Ajout Tag",
    "details": {
      "tag": "a_relancer_48h",
      "count": 2,
      "leadIds": [
        "Lsgf1upsf84kt5k",
        "Lrv53mxzj84kt5k"
      ],
      "rule": "lastContactAt > 48h & status=In Process"
    },
    "actor": "M.A.X.",
    "entity": "Lead"
  },
  {
    "timestamp": "2025-09-07T17:06:13.252Z",
    "action": "Ajout Tag",
    "details": {
      "tag": "prioritaire",
      "count": 1,
      "leadIds": [
        "Lsgf1upsf84kt5k"
      ],
      "rule": "interestScore >= 3"
    },
    "actor": "M.A.X.",
    "entity": "Lead"
  },
  {
    "timestamp": "2025-09-07T17:06:13.253Z",
    "action": "Ajout Tag",
    "details": {
      "tag": "a_relancer_48h",
      "count": 2,
      "leadIds": [
        "Lsgf1upsf84kt5k",
        "Lrv53mxzj84kt5k"
      ],
      "rule": "lastContactAt > 48h & status=In Process"
    },
    "actor": "M.A.X.",
    "entity": "Lead"
  },
  {
    "timestamp": "2025-09-07T17:06:36.613Z",
    "action": "Ajout Tag",
    "details": {
      "tag": "prioritaire",
      "count": 1,
      "leadIds": [
        "Lsgf1upsf84kt5k"
      ],
      "rule": "interestScore >= 3"
    },
    "actor": "M.A.X.",
    "entity": "Lead"
  },
  {
    "timestamp": "2025-09-07T17:06:36.614Z",
    "action": "Ajout Tag",
    "details": {
      "tag": "a_relancer_48h",
      "count": 2,
      "leadIds": [
        "Lsgf1upsf84kt5k",
        "Lrv53mxzj84kt5k"
      ],
      "rule": "lastContactAt > 48h & status=In Process"
    },
    "actor": "M.A.X.",
    "entity": "Lead"
  },
  {
    "timestamp": "2025-09-07T17:07:01.621Z",
    "action": "Ajout Tag",
    "details": {
      "tag": "prioritaire",
      "count": 1,
      "leadIds": [
        "Lsgf1upsf84kt5k"
      ],
      "rule": "interestScore >= 3"
    },
    "actor": "M.A.X.",
    "entity": "Lead"
  },
  {
    "timestamp": "2025-09-07T17:07:01.621Z",
    "action": "Ajout Tag",
    "details": {
      "tag": "a_relancer_48h",
      "count": 2,
      "leadIds": [
        "Lsgf1upsf84kt5k",
        "Lrv53mxzj84kt5k"
      ],
      "rule": "lastContactAt > 48h & status=In Process"
    },
    "actor": "M.A.X.",
    "entity": "Lead"
  },
  {
    "timestamp": "2025-09-07T17:07:05.189Z",
    "action": "Ajout Tag",
    "details": {
      "tag": "prioritaire",
      "count": 1,
      "leadIds": [
        "Lsgf1upsf84kt5k"
      ],
      "rule": "interestScore >= 3"
    },
    "actor": "M.A.X.",
    "entity": "Lead"
  },
  {
    "timestamp": "2025-09-07T17:07:05.190Z",
    "action": "Ajout Tag",
    "details": {
      "tag": "a_relancer_48h",
      "count": 2,
      "leadIds": [
        "Lsgf1upsf84kt5k",
        "Lrv53mxzj84kt5k"
      ],
      "rule": "lastContactAt > 48h & status=In Process"
    },
    "actor": "M.A.X.",
    "entity": "Lead"
  },
  {
    "timestamp": "2025-09-09T11:59:30.730Z",
    "action": "Ajout Tag",
    "details": {
      "tag": "prioritaire",
      "count": 1,
      "leadIds": [
        "Lsgf1upsf84kt5k"
      ],
      "rule": "interestScore >= 3"
    },
    "actor": "M.A.X.",
    "entity": "Lead"
  },
  {
    "timestamp": "2025-09-09T11:59:30.731Z",
    "action": "Ajout Tag",
    "details": {
      "tag": "a_relancer_48h",
      "count": 2,
      "leadIds": [
        "Lsgf1upsf84kt5k",
        "Lrv53mxzj84kt5k"
      ],
      "rule": "lastContactAt > 48h & status=In Process"
    },
    "actor": "M.A.X.",
    "entity": "Lead"
  },
  {
    "timestamp": "2025-09-22T09:21:02.537Z",
    "action": "Ajout Tag",
    "details": {
      "tag": "prioritaire",
      "count": 1,
      "leadIds": [
        "Lsgf1upsf84kt5k"
      ],
      "rule": "interestScore >= 3"
    },
    "actor": "M.A.X.",
    "entity": "Lead"
  },
  {
    "timestamp": "2025-09-22T09:21:02.557Z",
    "action": "Ajout Tag",
    "details": {
      "tag": "a_relancer_48h",
      "count": 2,
      "leadIds": [
        "Lsgf1upsf84kt5k",
        "Lrv53mxzj84kt5k"
      ],
      "rule": "lastContactAt > 48h & status=In Process"
    },
    "actor": "M.A.X.",
    "entity": "Lead"
  },
  {
    "timestamp": "2025-09-22T09:53:48.719Z",
    "action": "Ajout Tag",
    "details": {
      "tag": "prioritaire",
      "count": 1,
      "leadIds": [
        "Lsgf1upsf84kt5k"
      ],
      "rule": "interestScore >= 3"
    },
    "actor": "M.A.X.",
    "entity": "Lead"
  },
  {
    "timestamp": "2025-09-22T09:53:48.720Z",
    "action": "Ajout Tag",
    "details": {
      "tag": "a_relancer_48h",
      "count": 2,
      "leadIds": [
        "Lsgf1upsf84kt5k",
        "Lrv53mxzj84kt5k"
      ],
      "rule": "lastContactAt > 48h & status=In Process"
    },
    "actor": "M.A.X.",
    "entity": "Lead"
  },
  {
    "timestamp": "2025-10-31T11:15:08.026Z",
    "action": "Ajout Tag",
    "details": {
      "tag": "prioritaire",
      "count": 1,
      "leadIds": [
        "Lsgf1upsf84kt5k"
      ],
      "rule": "interestScore >= 3"
    },
    "actor": "M.A.X.",
    "entity": "Lead"
  },
  {
    "timestamp": "2025-10-31T11:15:08.028Z",
    "action": "Ajout Tag",
    "details": {
      "tag": "a_relancer_48h",
      "count": 2,
      "leadIds": [
        "Lsgf1upsf84kt5k",
        "Lrv53mxzj84kt5k"
      ],
      "rule": "lastContactAt > 48h & status=In Process"
    },
    "actor": "M.A.X.",
    "entity": "Lead"
  },
  {
    "timestamp": "2025-10-31T13:06:36.470Z",
    "action": "Ajout Tag",
    "details": {
      "tag": "prioritaire",
      "count": 1,
      "leadIds": [
        "Lsgf1upsf84kt5k"
      ],
      "rule": "interestScore >= 3"
    },
    "actor": "M.A.X.",
    "entity": "Lead"
  },
  {
    "timestamp": "2025-10-31T13:06:36.471Z",
    "action": "Ajout Tag",
    "details": {
      "tag": "a_relancer_48h",
      "count": 2,
      "leadIds": [
        "Lsgf1upsf84kt5k",
        "Lrv53mxzj84kt5k"
      ],
      "rule": "lastContactAt > 48h & status=In Process"
    },
    "actor": "M.A.X.",
    "entity": "Lead"
  },
  {
    "timestamp": "2025-10-31T13:06:38.655Z",
    "action": "Ajout Tag",
    "details": {
      "tag": "prioritaire",
      "count": 1,
      "leadIds": [
        "Lsgf1upsf84kt5k"
      ],
      "rule": "interestScore >= 3"
    },
    "actor": "M.A.X.",
    "entity": "Lead"
  },
  {
    "timestamp": "2025-10-31T13:06:38.656Z",
    "action": "Ajout Tag",
    "details": {
      "tag": "a_relancer_48h",
      "count": 2,
      "leadIds": [
        "Lsgf1upsf84kt5k",
        "Lrv53mxzj84kt5k"
      ],
      "rule": "lastContactAt > 48h & status=In Process"
    },
    "actor": "M.A.X.",
    "entity": "Lead"
  }
]