[
  {
    "rows": [
      [
        {
          "name": "salutationName"
        },
        false
      ],
      [
        {
          "name": "firstName"
        },
        {
          "name": "lastName"
        }
      ],
      [
        {
          "name": "status"
        },
        {
          "name": "source"
        }
      ],
      [
        {
          "name": "emailAddress"
        },
        {
          "name": "phoneNumber"
        }
      ],
      [
        {
          "name": "accountName"
        },
        {
          "name": "website"
        }
      ],
      [
        {
          "name": "assignedUser"
        },
        false
      ]
    ]
  }
]
