[
  {
    "label": "Overview",
    "rows": [
      [
        {
          "name": "salutationName"
        },
        false
      ],
      [
        {
          "name": "firstName"
        },
        {
          "name": "lastName"
        }
      ],
      [
        {
          "name": "status"
        },
        {
          "name": "source"
        }
      ],
      [
        {
          "name": "title"
        },
        {
          "name": "website"
        }
      ],
      [
        {
          "name": "emailAddress"
        },
        {
          "name": "phoneNumber"
        }
      ],
      [
        {
          "name": "accountName"
        },
        {
          "name": "doNotCall"
        }
      ],
      [
        {
          "name": "industry"
        },
        {
          "name": "opportunityAmount"
        }
      ],
      [
        {
          "name": "description",
          "fullWidth": true
        }
      ]
    ]
  },
  {
    "label": "Address",
    "rows": [
      [
        {
          "name": "addressStreet",
          "fullWidth": true
        }
      ],
      [
        {
          "name": "addressCity"
        },
        {
          "name": "addressState"
        }
      ],
      [
        {
          "name": "addressPostalCode"
        },
        {
          "name": "addressCountry"
        }
      ]
    ]
  },
  {
    "label": "Additional Information",
    "rows": [
      [
        {
          "name": "assignedUser"
        },
        {
          "name": "teams"
        }
      ],
      [
        {
          "name": "createdAt"
        },
        {
          "name": "modifiedAt"
        }
      ],
      [
        {
          "name": "createdBy"
        },
        {
          "name": "modifiedBy"
        }
      ]
    ]
  }
]
